itemName,itemPrice,itemUrl
[CE3]　ピアノの鍵盤と楽譜のハーモニー　Aホワイト系　10cm単位　切り売り　AP-22804-2　コスモ　オックス生地　（401）,100,https://item.rakuten.co.jp/manmakasan/22240099/
[CE3]　ピアノの鍵盤と楽譜のハーモニー　Bキナリ系　10cm単位　切り売り　AP-22804-2　コスモ　オックス生地　（103）,100,https://item.rakuten.co.jp/manmakasan/22240100/
入園入学 コットン ツイル生地 布 おまぬけネコ 鍵盤ねこ ニャンコ KTS6929 動物柄 ねこ 猫 コットンこばやし 商用利用可能,101,https://item.rakuten.co.jp/ky-kanariya/10042567/
The A to G# of Keyboard Players: Tommy Eyre【電子書籍】[ G R Mowbray ],103,https://item.rakuten.co.jp/rakutenkobo-ebooks/f256d31edf8b309a8eba44677d895499/
ピアノ鍵盤両側ボーダー ブラック オックス生地【メール便2m可】 生地 布地 綿 コットン 手作り 手芸 ハンドメイド 入園 入学 女の子 男の子,104,https://item.rakuten.co.jp/auc-tubameya/dt10480s-c/
NAKANO/ナカノ レッスン消しゴム/鍵盤まとまるくん ER-12/KB,104,https://item.rakuten.co.jp/murauchi-dvd/4534203116993/
クーポン対象!【10センチ単位】猫柄 生地 布 鍵盤ねこ 綿ツイル キナリ コットン100％ 商用利用可 ネコ柄 ピアノ エレクトーン 入園入学に キャット cat おしゃれ コットンこばやし ヌノズキ 布好き,105,https://item.rakuten.co.jp/nunozuki/10ko-ktsn69n29-a/
クーポン対象!【10センチ単位】猫柄 生地 布 鍵盤ねこ 綿ツイル イエロー コットン100％ 商用利用可 ネコ柄 ピアノ エレクトーン 入園入学に キャット cat おしゃれ コットンこばやし ヌノズキ 布好き,105,https://item.rakuten.co.jp/nunozuki/10ko-ktsn69n29-d/
クーポン対象!【10センチ単位】猫柄 生地 布 鍵盤ねこ 綿ツイル グリーン コットン100％ 商用利用可 ネコ柄 ピアノ エレクトーン 入園入学に キャット cat おしゃれ コットンこばやし ヌノズキ 布好き,105,https://item.rakuten.co.jp/nunozuki/10ko-ktsn69n29-c/
クーポン対象!【10センチ単位】猫柄 生地 布 鍵盤ねこ 綿ツイル ブルー コットン100％ 商用利用可 ネコ柄 ピアノ エレクトーン 入園入学に キャット cat おしゃれ コットンこばやし ヌノズキ 布好き,105,https://item.rakuten.co.jp/nunozuki/10ko-ktsn69n29-b/
ナカノ レッスン消しゴム　鍵盤【ER-12/KB】MADE IN JAPAN,105,https://item.rakuten.co.jp/bellepo/nakano-er-12-kb/
★残りわずかです（廃番になりました） プリント生地 ピアノ ハーモニー （ ピンク系 ) オックス（綿100％）生地幅－約108cm （ ピアノ 鍵盤 けんばん 楽器 音符 おんぷ ト音記号 ヘ音記号 音楽 ミュージック リボン ハート かわいい ),107,https://item.rakuten.co.jp/pirol/kyh-mowf-137-p-nk-8395/
プリント生地 布 鍵盤柄（ ネコ＆ハート＆音符 ）（ 黒系 ) オックス（ 綿100％ ）生地幅−約112cm （ ピアノ 鍵盤 けんばん 楽器 音符 おんぷ 音楽 ミュージック ネコ ねこ リボン レース かわいい おしゃれ 女の子 子供 入園 入学 ),107,https://item.rakuten.co.jp/pirol/kyh-mowf-149-bk-nk-8489/
プリント生地 布 鍵盤柄（ ネコ＆ハート＆音符 ）（ パープル系 ) オックス（ 綿100％ ）生地幅−約112cm （ ピアノ 鍵盤 けんばん 楽器 音符 おんぷ 音楽 ミュージック ネコ ねこ リボン レース かわいい おしゃれ 女の子 子供 入園 入学 ),107,https://item.rakuten.co.jp/pirol/kyh-mowf-149-lv-nk-8487/
プリント生地 布 鍵盤柄（ ネコ＆ハート＆音符 ）（ ピンク系 ) オックス（ 綿100％ ）生地幅−約112cm （ ピアノ 鍵盤 けんばん 楽器 音符 おんぷ 音楽 ミュージック ネコ ねこ リボン レース かわいい おしゃれ 女の子 子供 入園 入学 ),107,https://item.rakuten.co.jp/pirol/kyh-mowf-149-p-nk-8486/
プリント生地 布 鍵盤柄（ ネコ＆ハート＆音符 ）（ グリーン グレー系 ) オックス（ 綿100％ ）生地幅−約112cm （ ピアノ 鍵盤 けんばん 楽器 音符 おんぷ 音楽 ミュージック ネコ ねこ リボン レース かわいい おしゃれ 女の子 子供 入園 入学 ),107,https://item.rakuten.co.jp/pirol/kyh-mowf-149-g-nk-8488/
プリント生地 ピアノ ハーモニー （ ブルー系 ) オックス（綿100％）生地幅－約108cm （ ピアノ 鍵盤 けんばん 楽器 音符 おんぷ ト音記号 ヘ音記号 音楽 ミュージック リボン ハート かわいい おしゃれ 女の子 子供 入園 入学 ),107,https://item.rakuten.co.jp/pirol/kyh-mowf-137-bl-nk-8396/
【お気に入りシリーズ】ピアノハート（オックス）ピアノの鍵盤の両サイドボーダー柄【生地・布】MOWF-149★数量3(30cm)から10cm単位,108,https://item.rakuten.co.jp/nakanotetsu/mowf-149/
【オックス生地】音符柄 音符 ピアノ柄 ピアノ 鍵盤 茶色 c22－41 女の子 入園入学 小物 カバン 巾着 エプロン クッション 生地 布 オックス オックス生地 ファブリック 10cm単位 切り売り,108,https://item.rakuten.co.jp/airi-oonoten/c22-41/
【オックス生地】音符柄 音符 ピアノ柄 ピアノ 鍵盤 少しグレーがかった薄紫色 c22－52 女の子 入園入学 小物 カバン 巾着 エプロン クッション 生地 布 オックス オックス生地 ファブリック 10cm単位 切り売り,108,https://item.rakuten.co.jp/airi-oonoten/c22-52/
ジェルオフカバー 指ゴム ジェルオフキャップ 20個入り,109,https://item.rakuten.co.jp/nail-recipe/geloffcover-10/
USB延長ケーブル 1.5m USB2.0 プリンタ、マウス、キーボード等の延長に【パッケージなし】管理番号：R-3,110,https://item.rakuten.co.jp/pasodon/10000009/
【中古】 超効率UP！キーボード「疑問解決」操作術 知って得するショートカットキー / 学研プラス / 学研プラス [ムック]【宅配便出荷】,110,https://item.rakuten.co.jp/mottainaihonpo-omatome/4056062951/
脚底フェルト 八角 ピアノ椅子用 アルプス,110,https://item.rakuten.co.jp/ototebako/10025245/
ごっそり除去キーボードシリコンクリーナーアニマル,110,https://item.rakuten.co.jp/hyakuemon/seiwa-32-862/
【中古】 鍵盤上のマリアージュ プリズム文庫／松幸かほ【著】 【中古】afb,110,https://item.rakuten.co.jp/bookoffonline/0016795168/
【中古】10本指・キーボード入力 / 間地秀三,110,https://item.rakuten.co.jp/renet3/0000457551/
【中古】 大活字バインダー式キーボード練習基礎講座 すばやく学べる　Windows版 / C＆R研究所 / ナツメ社 [単行本]【宅配便出荷】,110,https://item.rakuten.co.jp/mottainaihonpo-omatome/4816330283/
【中古】 鍵盤の上のカレス / 藤谷陽子 / コアマガジン [コミック]【宅配便出荷】,110,https://item.rakuten.co.jp/mottainaihonpo-omatome/4864363749/
【中古】 瞬間操作！高速キーボード術 マウスに頼らないパソコンの動かし方 / リブロワークス / 講談社 [新書]【宅配便出荷】,110,https://item.rakuten.co.jp/mottainaihonpo-omatome/4062577445/
エレコム キーボードカバー 防塵カバー TOSHIBA dynabook RXシリーズ(13.3型ワイド)対応 PKB-DBRX1,110,https://item.rakuten.co.jp/elecom/4953103357143/
【中古】 鍵盤の上のカレス 2 / 藤谷陽子 / コアマガジン [コミック]【宅配便出荷】,110,https://item.rakuten.co.jp/mottainaihonpo-omatome/4864363730/
【中古】 鍵盤の上のカレス / 藤谷陽子 / コアマガジン [コミック]【宅配便出荷】,110,https://item.rakuten.co.jp/mottainaihonpo-omatome/4862529445/
【中古】 仕事にすぐ効く！パソコンの速ワザ キーボード2秒テク / 大重雄二 / アスキー・メディアワークス [単行本（ソフトカバー）]【宅配便出荷】,110,https://item.rakuten.co.jp/mottainaihonpo-omatome/404870222x/
【まとめ買い=注文単位12個】ゴッソリ除去 キーボード隙間シリコンクリーナー アニマル 3個入 アソート(色柄ある場合) 32-862(se2e350),110,https://item.rakuten.co.jp/griptone/se2e350/
【中古】 鍵盤の上のカレス(1) ドラC／藤谷陽子(著者) 【中古】afb,110,https://item.rakuten.co.jp/bookoffonline/0016928993/
音楽 ミュージック 楽器の壁紙 輸入 カスタム壁紙 PHOTOWALL / Piano Keyboard (e21060) 貼ってはがせるフリース壁紙(不織布) 【海外取り寄せのため1カ月程度でお届け】 【代引き・後払い不可】,110,https://item.rakuten.co.jp/kabegamiyahonpo/rkik-phw-photo026-46220/
ピアノ 文具 鉛筆 えんぴつ ピアノ発表会プレゼント プレゼント 文房具 かわいい 鍵盤,110,https://item.rakuten.co.jp/ballerinart/20221027-13/
Muzician Electronic Keyboard for Absolute Beginners【電子書籍】[ Muzician.com ],110,https://item.rakuten.co.jp/rakutenkobo-ebooks/4e254b0c890e390ea3c1f8d0b61cf5a4/
【中古】 鍵盤ガール／真理 【中古】afb,110,https://item.rakuten.co.jp/bookoffonline/0017288684/
【中古】 キーボードは10本指で 1日30分！ラクに覚えるタッチタイピング / 高橋 憲子 / すばる舎 [単行本]【宅配便出荷】,110,https://item.rakuten.co.jp/mottainaihonpo-omatome/4916157125/
薄型キースイッチ用キートップ　黒,110,https://item.rakuten.co.jp/vshopu/2196-2002/
"ピアノ クリップ,音楽雑貨,音楽グッズ ピアノ発表会 プレゼント ピアノ発表会 記念品,エレクトーン,楽譜止め",110,https://item.rakuten.co.jp/ballerinart/pianoclip002/
【中古】仕事にすぐ効く！パソコンの速ワザ−キーボード2秒テク− / 大重雄二,110,https://item.rakuten.co.jp/renet3/0011250851/
Muzician Keyboard for Kids【電子書籍】[ Muzician.com ],110,https://item.rakuten.co.jp/rakutenkobo-ebooks/6644274ef2db32219d2bf085cf4fef41/
かんたんコードクリップ2P,110,https://item.rakuten.co.jp/hyakuemon/sur-18492000/
楽譜のウォーターシール ハート 蝶 フラワー ネイル レジン 封入 音楽 音符 譜面 スコア 鍵盤 ミュージック パーツ ハンドメイド,110,https://item.rakuten.co.jp/shikisaicube/10006055/
キ-ボ-ド革命 情報電子化時代への基本技術 中央公論新社 諏訪邦夫 / 中公新書【中古】afb,110,https://item.rakuten.co.jp/booksuper-itoh/9784121013408_3824145/
学習鍵盤用　レッスンおんめいシール,110,https://item.rakuten.co.jp/ablemart/4518933502042/
キ-ボ-ド革命 情報電子化時代への基本技術 中央公論新社 諏訪邦夫 / 中公新書【中古】afb,110,https://item.rakuten.co.jp/booksuper-itoh/9784121013408_3733893/
【中古】 超効率UP！キーボード「疑問解決」操作術 知って得するショートカットキー / 学研プラス / 学研プラス [ムック]【宅配便出荷】,110,https://item.rakuten.co.jp/mottainaihonpo-omatome/4056062951/
スマホのおそうじ棒 10本 しなる 極細ヘッド 1mm 狭い隙間 スッキリ 汚れ除去 スマホクリーナー 洗剤不要 ヘラ 精密機器 ホコリ 塵 携帯 コンパクト ミニ キーボード イヤホン マウス ピース 清掃 掃除 ダスト ケミカルジャパン 4991437970034,110,https://item.rakuten.co.jp/sankishoji/osooji-stick/
楽譜のウォーターシール バラ ローズ 蝶 英字 フラワー ネイル レジン 封入 音楽 音符 譜面 スコア 鍵盤 ミュージック パーツ ハンドメイド,110,https://item.rakuten.co.jp/shikisaicube/10006056/
クツワ/KUTSUWA　タッチサック　ブルー　MT004BL　GIGAスクール構想/入学/未就学児/男女小学生/男女中高生/指サック/紙めくり,110,https://item.rakuten.co.jp/toraya-shop/tibn37/
"【中古】 はじめてのらくらくキーボード ／富士通エフオーエム(著者),尚学社著(著者) 【中古】afb",110,https://item.rakuten.co.jp/bookoffonline/0015707420/
Muzician Keyboard for Absolute Beginners【電子書籍】[ Muzician.com ],110,https://item.rakuten.co.jp/rakutenkobo-ebooks/65de7ece55363d858be5ddfb568e806c/
【中古】 鍵盤の上のカレス(3) ドラC／藤谷陽子(著者) 【中古】afb,110,https://item.rakuten.co.jp/bookoffonline/0017066838/
"ピアノ鍵盤鉛筆,003",110,https://item.rakuten.co.jp/ballerinart/piano-pen-003/
【中古】 鍵盤の上のカレス(2) ドラC／藤谷陽子(著者) 【中古】afb,110,https://item.rakuten.co.jp/bookoffonline/0016928896/
脚底フェルト 四角 ピアノ椅子用 アルプス,110,https://item.rakuten.co.jp/ototebako/10025243/
【まとめ買い=注文単位12個】穴・溝・隙間のお掃除 極細スティック 20本入 アソート(色柄ある場合) 36-398(se2e467),110,https://item.rakuten.co.jp/griptone/se2e467/
【中古】 楽して得するキーボード瞬間操作 / 毎日新聞社 / 毎日新聞社 [ムック]【宅配便出荷】,110,https://item.rakuten.co.jp/mottainaihonpo-omatome/4620793574/
【中古】鍵盤の上のカレス 3/ 藤谷陽子 ボーイズラブコミック,110,https://item.rakuten.co.jp/renet3/0011864918/
キーボードリストレスト プロムラパン 47×7cm ［色指定不可］ (100円ショップ 100円均一 100均一 100均),110,https://item.rakuten.co.jp/bababa/2siw83027/
【中古】鍵盤の上のカレス 2/ 藤谷陽子 ボーイズラブコミック,110,https://item.rakuten.co.jp/renet3/0011681992/
【中古】 10本指・キーボード入力 3時間でできる / 間地 秀三 / 明日香出版社 [単行本]【宅配便出荷】,110,https://item.rakuten.co.jp/mottainaihonpo-omatome/4756901395/
キーボード隙間クリーナー シリコン製 アニマル 3個入 (100円ショップ 100円均一 100均一 100均),110,https://item.rakuten.co.jp/bababa/2siw83035/
クツワ/KUTSUWA　タッチサック　ピンク　MT004PK　GIGAスクール構想/入学/未就学児/男女小学生/男女中高生/指サック/紙めくり,110,https://item.rakuten.co.jp/toraya-shop/tibn43/
【中古】 ピアノ＆キーボード・コード進行パターン / 原 礼彦 / 成美堂出版 [楽譜]【宅配便出荷】,110,https://item.rakuten.co.jp/mottainaihonpo-omatome/4415050670/
"【中古】 はじめてのらくらくキーボード ／富士通エフオーエム(著者),尚学社著(著者) 【中古】afb",110,https://item.rakuten.co.jp/bookoffonline/0015707420/
【中古】鍵盤の上のカレス　初回限定版 / 藤谷陽子 ボーイズラブコミック,110,https://item.rakuten.co.jp/renet3/0011232411/
仕事にすぐ効く！パソコンの速ワザ キ-ボ-ド2秒テク アスキ-・メディアワ-クス 大重雄二 / すぐわかるポケット！【中古】afb,110,https://item.rakuten.co.jp/booksuper-itoh/9784048702225_3757576/
◎ハート消しゴム　鍵盤　 KG8015-04　（カラー：ピンク）,110,https://item.rakuten.co.jp/ototebako/10004800/
はたき マイクロファイバー ハンディタイプ (100円ショップ 100円均一 100均一 100均),110,https://item.rakuten.co.jp/bababa/2jpp61013/
【中古】 超効率UP！キーボード「疑問解決」操作術／情報・通信・コンピュータ 【中古】afb,110,https://item.rakuten.co.jp/bookoffonline/0016537650/
"【中古】 遊んで覚える！らくらくマスターキーボード ／山本美孝(著者),小林ひろし(著者),笠原一浩(著者) 【中古】afb",110,https://item.rakuten.co.jp/bookoffonline/0015326133/
【中古】 キーボード3時間速習術 タッチタイピングをマスターする / 石井 典子 / 中央公論社 [新書]【宅配便出荷】,110,https://item.rakuten.co.jp/mottainaihonpo-omatome/4125100071/
ホコリ取りブラシ 23．5cm カバー付 (100円ショップ 100円均一 100均一 100均),110,https://item.rakuten.co.jp/bababa/2rmn61002/
超効率UP！キ-ボ-ド「疑問解決」操作術 知って得するショ-トカットキ- 学研パブリッシング / Gakken　computer　mook【中古】afb,110,https://item.rakuten.co.jp/booksuper-itoh/9784056062953_3715027/
Muzician Electronic Keyboard for Kids【電子書籍】[ Muzician.com ],110,https://item.rakuten.co.jp/rakutenkobo-ebooks/1fb12e2f32e9300a8e93595c004be502/
ソフトマルチタイ くねーる,110,https://item.rakuten.co.jp/hyakuemon/ech-2206060/
◎ハート消しゴム 鍵盤 GG8015-01 （カラー：ブラック）,110,https://item.rakuten.co.jp/ototebako/10004803/
【中古】 キーボードをはじめよう 機種選びから基本テクニックまで / 田中 遊梦 / ナツメ出版企画 [楽譜]【宅配便出荷】,110,https://item.rakuten.co.jp/mottainaihonpo-omatome/4816316957/
Finding Their Forevers An Away From Keyboard Holiday Short【電子書籍】[ Patricia D. Eddy ],111,https://item.rakuten.co.jp/rakutenkobo-ebooks/3f66d5ebf6f03ef28faf94d47ec30fd4/
C.o.k. (Cat on Keyboard)【電子書籍】[ W.M. Bacon ],114,https://item.rakuten.co.jp/rakutenkobo-ebooks/ae28e8c94be73ba6ac0e6d8e352fc7a6/
[AER6]　鍵盤ねこ　Aキナリ系　10cm単位　切り売り　KTS6929　コットンこばやし　ツイル生地　(270),117,https://item.rakuten.co.jp/manmakasan/22211036/
Keyboard Warrior【電子書籍】[ Neil Rooke ],118,https://item.rakuten.co.jp/rakutenkobo-ebooks/60c200cd36593ae5b62ba4f255dcbee8/
iOS 8でサクサク日本語入力♪　キーボードアプリガイド【電子書籍】[ Softonic JAPAN コンテンツチーム ],119,https://item.rakuten.co.jp/rakutenkobo-ebooks/f258f6d090553cd8a30b3d8577f03283/
Keyboard Magic: For Writers【電子書籍】[ Iris Alderson ],119,https://item.rakuten.co.jp/rakutenkobo-ebooks/07aa1b23ecd83a66a8e8c90f8c3c889b/
ピアノキャット（オックス）CMCF-21ピアノの鍵盤の上で遊ぶ子猫柄110cm幅 綿00%【生地・布】★数量1は10cm/お買い物かごの数は「3」から,119,https://item.rakuten.co.jp/nakanotetsu/cmcf-21/
ロック・キ-ボ-ドが弾ける本 ヤマハミュ-ジックエンタテインメントホ-ヤマハ音楽振興会【中古】afb,120,https://item.rakuten.co.jp/booksuper-itoh/9784636165234_3329900/
【中古】アニメ系トレカ/Identity V 第五人格 公式ライセンスカード 深淵宝藏包 第一弾 IDV-COA-039R[奇珍]：ポストマン(ビクター・グランツ)/鍵盤,120,https://item.rakuten.co.jp/surugaya-a-too/119189703-1/
ハート型消しゴム（鍵盤柄ハートケース入り）,120,https://item.rakuten.co.jp/omeido/1091/
【数量5個から承ります】【メール便3mまで】廃番 特価 REAL PRINT キーボード柄 シーチング生地 約112cm幅×10cm単位計り売り | 布 コットン プリント,121,https://item.rakuten.co.jp/hc-sh/yga-49090-1a/
Microsoft SharePoint 2016 Keyboard Shortcuts For Windows【電子書籍】[ U. C-Abel Books ],126,https://item.rakuten.co.jp/rakutenkobo-ebooks/37a7837797c4394e80abd91c5be171b1/
エレコム タブレット用USB A-microB 変換アダプタ(L字右側接続タイプ)：TB-MAEMCBR010BK【税込3300円以上で送料無料】[訳あり][ELECOM：エレコムわけありショップ][直営],126,https://item.rakuten.co.jp/wakeari/4953103488090/
Microsoft Skype For Business 2016 Keyboard Shortcuts for Windows【電子書籍】[ U. C-Abel Books ],126,https://item.rakuten.co.jp/rakutenkobo-ebooks/0abb39b5b17d3dceb4ce7e84a79c5727/
【まとめ買い=注文単位10個】プロムラパンキーボードリストレスト アソート(色おまかせ)44-054(se2c459),129,https://item.rakuten.co.jp/griptone/se2c459/
消しゴム 鍵盤 ケシゴム レッスン ケンバン 楽器 おしゃれ かわいい,130,https://item.rakuten.co.jp/rcmdin/te-4534203116993/
消しゴム 鍵盤 ケシゴム レッスン ケンバン 楽器 おしゃれ かわいい,130,https://item.rakuten.co.jp/rcmdse/te-4534203116993/
デュエルマスターズ 審絆の彩り 喜望／キーボード・アクセス DMRP11 1/102 ベリーレア DuelMasters 【ランクB】 【中古】,130,https://item.rakuten.co.jp/toretoku/191375jbt/
ゼンオン　はってはがせる　どれみシール　4511005617354,132,https://item.rakuten.co.jp/ototebako/10027248/
ピアノライン A4クリアファイル 裏面クリアタイプ（鍵盤） ピアノ発表会 ピアノ教室 記念品 ギフト プレゼント ピアノ雑貨 音楽雑貨 ピアノグッズ ピアノ柄 鍵盤柄 音符柄 音楽柄 piano line クリアファイル クリスマス会,132,https://item.rakuten.co.jp/pianoline/r0322903/
プリント生地 布 ドレミファ キャット（ ブルー系 ) オックス（ 綿100％ ）生地幅−約108cm （ ネコ ねこ ピアノ 鍵盤 けんばん 楽器 音符 おんぷ 音楽 ミュージック リボン かわいい おしゃれ 女の子 子供 入園 入学 ),132,https://item.rakuten.co.jp/pirol/kyh-cmcf-21-bl-nk-8491/
レッスン消しゴム/鍵盤まとまるくん【ミュージック・フォ・リビング/MUSIC FOR LIVING】,132,https://item.rakuten.co.jp/mfl/er-12-kb/
"[楽譜] ゼンオン　鍵盤ハーモニカ用　ごせんシート【10,000円以上送料無料】(ゼンオン ケンバンハーモニカ)",132,https://item.rakuten.co.jp/gakuhu/m4511005617378/
ピアノライン 消しゴム（スター）ピンク ピアノ発表会 ピアノ教室 記念品 ギフト プレゼント ピアノ雑貨 音楽雑貨 ピアノグッズ ピアノ柄 鍵盤柄 音符柄 音楽柄 piano line 消しゴム クリスマス会,132,https://item.rakuten.co.jp/pianoline/r0318601/
ゼンオン 鍵盤ハーモニカ用 クリーニングクロス ／ ゼンオン,132,https://item.rakuten.co.jp/shimamura-gakufu/g0320860/
ゼンオン 鍵盤ハーモニカ用 ごせんシート ／ ゼンオン,132,https://item.rakuten.co.jp/shimamura-gakufu/g0320858/
プリント生地 布 ドレミファ キャット（ ピンク系 ) オックス（ 綿100％ ）生地幅−約108cm （ ネコ ねこ ピアノ 鍵盤 けんばん 楽器 音符 おんぷ 音楽 ミュージック リボン かわいい おしゃれ 女の子 子供 入園 入学 ),132,https://item.rakuten.co.jp/pirol/kyh-cmcf-21-p-nk-8490/
鍵盤 ＆ 音符柄 2つ折り 定規 30cm（テンプレート付き）音楽雑貨 文具 ステーショナリー プレゼント 発表会 記念品,132,https://item.rakuten.co.jp/angels-closet/056yp070/
プリント生地 布 ドレミファ キャット（ グリーン系 ) オックス（ 綿100％ ）生地幅−約108cm （ ネコ ねこ ピアノ 鍵盤 けんばん 楽器 音符 おんぷ 音楽 ミュージック リボン かわいい おしゃれ 女の子 子供 入園 入学 ),132,https://item.rakuten.co.jp/pirol/kyh-cmcf-21-g-nk-8493/
プリント生地 布 ドレミファ キャット（ 薄ベージュ系 ) オックス（ 綿100％ ）生地幅−約108cm （ ネコ ねこ ピアノ 鍵盤 けんばん 楽器 音符 おんぷ 音楽 ミュージック リボン かわいい おしゃれ 女の子 子供 入園 入学 ),132,https://item.rakuten.co.jp/pirol/kyh-cmcf-21-ow-nk-8492/
"[楽譜] ゼンオン　鍵盤ハーモニカ用　クリーニングクロス【10,000円以上送料無料】(ゼンオン ケンバンハーモニカ)",132,https://item.rakuten.co.jp/gakuhu/m4511005617460/
"鍵盤定規,ピアノ,音楽グッズのプレゼントのネットショップ通販のお店",132,https://item.rakuten.co.jp/ballerinart/dc1015-01/
ピアノライン お箸（ねこ） ピアノ発表会 ピアノ教室 記念品 ギフト プレゼント ピアノ雑貨 音楽雑貨 ピアノグッズ ピアノ柄 鍵盤柄 音符柄 音楽柄 piano line 箸 クリスマス会,132,https://item.rakuten.co.jp/pianoline/r0221501/
ピアノライン A4クリアファイル 裏面クリアタイプ（マーチ） ピアノ発表会 ピアノ教室 記念品 ギフト プレゼント ピアノ雑貨 音楽雑貨 ピアノグッズ ピアノ柄 鍵盤柄 音符柄 音楽柄 piano line クリアファイル クリスマス会,132,https://item.rakuten.co.jp/pianoline/r0322902/
0322903　Piano line A4クリアファイル 裏面クリアタイプ（鍵盤）ピアノライン,132,https://item.rakuten.co.jp/ototebako/10015675/
【取寄品】ゼンオン　鍵盤ハーモニカ用　クリーニングクロス,132,https://item.rakuten.co.jp/ablemart/4511005617460/
鍵盤定規♪この商品はお取り寄せ商品です♪♪音楽雑貨 【ピアノ発表会　記念品　に最適♪】音楽雑貨 ねこ雑貨 バレエ雑貨 ♪記念品に最適 音楽会粗品,132,https://item.rakuten.co.jp/canta-bile/co0539/
【取寄品】ゼンオン　鍵盤ハーモニカ用　ごせんシート,132,https://item.rakuten.co.jp/ablemart/4511005617378/
ピアノライン 消しゴム（スター）ブルー ピアノ発表会 ピアノ教室 記念品 ギフト プレゼント ピアノ雑貨 音楽雑貨 ピアノグッズ ピアノ柄 鍵盤柄 音符柄 音楽柄 piano line 消しゴム クリスマス会,132,https://item.rakuten.co.jp/pianoline/r0318701/
ピアノライン A4クリアファイル 裏面クリアタイプ（カラフル音符） ピアノ発表会 ピアノ教室 記念品 ギフト プレゼント ピアノ雑貨 音楽雑貨 ピアノグッズ ピアノ柄 鍵盤柄 音符柄 音楽柄 piano line クリアファイル クリスマス会,132,https://item.rakuten.co.jp/pianoline/r0322904/
ピアノライン お箸（スター） ピアノ発表会 ピアノ教室 記念品 ギフト プレゼント ピアノ雑貨 音楽雑貨 ピアノグッズ ピアノ柄 鍵盤柄 音符柄 音楽柄 piano line 箸 クリスマス会,132,https://item.rakuten.co.jp/pianoline/r0221301/
山洋　CARELAGE　抗菌ふつう綿棒　1パック（200本）,137,https://item.rakuten.co.jp/p-tano/664-5870/
【中古】楽して得するキーボード瞬間操作−目からウロコの簡単便利操作完全マスター決定版− / 毎日新聞社,139,https://item.rakuten.co.jp/renet3/0011132090/
【まとめ買い=10個単位】のび~るジェルクリーナー アソート(色柄ある場合) 9S-324(su3b260),139,https://item.rakuten.co.jp/griptone/su3b260/
【中古】キーボード革命 / 諏訪邦夫,139,https://item.rakuten.co.jp/renet3/0000373602/
【中古】鍵盤の上のカレス / 藤谷陽子 ボーイズラブコミック,139,https://item.rakuten.co.jp/renet3/0011739342/
【中古】サクサク覚えるキーボード入門 / 自由現代社,139,https://item.rakuten.co.jp/renet3/0010407866/
【中古】ネコでもできるキーボード操作入門の入門 / 和田茂夫,139,https://item.rakuten.co.jp/renet3/0000980129/
【中古】Windowsキーボード速修法 / 石田千代子,139,https://item.rakuten.co.jp/renet3/0000488821/
【中古】10日間でOK！ワープロタイピング習得法—キーボードを見なくてもスラスラ打てる / 内藤忍,139,https://item.rakuten.co.jp/renet3/0000719258/
【中古】パソコン・キーボードすらすら入力 / 東芝OAコンサルタント,139,https://item.rakuten.co.jp/renet3/0000394592/
【中古】Windows95／98キーボード徹底活用ポケットリファレンス / 技術評論社,139,https://item.rakuten.co.jp/renet3/0000473045/
【中古】キーボードは10本指で / 高橋憲子,139,https://item.rakuten.co.jp/renet3/0000390241/
【中古】システム手帳式　仕事が3倍速くなる　秒速キーボード術 / リブロワークス,139,https://item.rakuten.co.jp/renet3/0011057629/
【中古】炊飯器とキーボード / 岸本葉子,139,https://item.rakuten.co.jp/renet3/0000968396/
そうじ機用 すみっこブラシノズル【ほこり　掃除機　電化製品　キーボード　サッシ】,139,https://item.rakuten.co.jp/beautymate/10128552/
【中古】キーボード自由自在 / 神一郎,139,https://item.rakuten.co.jp/renet3/0000473958/
ライブステージブロック [8.キーボード]【ネコポス配送対応】【C】[sale221103],139,https://item.rakuten.co.jp/auc-toysanta/g-4qe1000ux2-008/
20日だけP5倍+最大10%引★【訳あり】クリアカラー×鍵盤模様がファンシーかわいい15cm定規 定規 音符 ピアノ 雑貨 15cm 記念品 発表会 鍵盤 ものさし 音楽会 スケール,140,https://item.rakuten.co.jp/arpacker/arp-205427o/
uxcell ラップトップコンピューター用 ロシアキーボードステッカー 文字が見えなくなったキーボードをきれいに修復・再生転写紙 ホワイト文字,141,https://item.rakuten.co.jp/uxcelljapan/a13061700ux0345/
ピアノライン 15cm定規 ピアノ発表会 ピアノ教室 記念品 ギフト プレゼント ピアノ雑貨 音楽雑貨 ピアノグッズ ピアノ柄 鍵盤柄 音楽柄 piano line 定規 クリスマス会,143,https://item.rakuten.co.jp/pianoline/r0309601/
ピアノライン 15cm定規（音符）パープル ピアノ発表会 ピアノ教室 記念品 ギフト プレゼント ピアノ雑貨 音楽雑貨 ピアノグッズ ピアノ柄 鍵盤柄 音符柄 音楽柄 piano line 定規 クリスマス会,143,https://item.rakuten.co.jp/pianoline/r0319001/
ピアノライン 15cm定規（音符）グリーン ピアノ発表会 ピアノ教室 記念品 ギフト プレゼント ピアノ雑貨 音楽雑貨 ピアノグッズ ピアノ柄 鍵盤柄 音符柄 音楽柄 piano line 定規 クリスマス会,143,https://item.rakuten.co.jp/pianoline/r0319101/
"Piano line　ピアノライン　A4クリアファイル A4　アラモード,鍵盤,楽譜,エレクトーン,音楽,発表会プレゼント",143,https://item.rakuten.co.jp/ballerinart/pianonote-0306701-1/
【2個以上ご購入で送料198円→0円！】USB → Type-C 変換 OTG アダプタ 小型 データ移行 スマホ スマートフォン タブレット android アンドロイド フラッシュメモリ キーボード マウス,148,https://item.rakuten.co.jp/nogicamera/typec-otg-adpt/
ピアノ 楽譜 | レッスン 教則 教材 教本 | 月謝袋B(鍵盤)(5枚セット),150,https://item.rakuten.co.jp/pianogakufu/0015511/
炊飯器とキ-ボ-ド エッセイストの12カ月 講談社 岸本葉子 / 講談社文庫【中古】afb,150,https://item.rakuten.co.jp/bchino/9784062731652_895350/
